INSERT INTO `user`(`id`, `login`, `password`, `role`)
VALUES (2, 'ivan', '12345', 1),
       (3, 'petr', '12345', 1),
       (4, 'vasya', '12345', 1);

INSERT INTO `client`(`id`, `name`, `surname`, `phone`)
VALUES (2, 'Иван', 'Парфиненко', '+375 (29) 123-45-67'),
       (3, 'Пётр', 'Иванов', '+375 (33) 345-67-89'),
       (4, 'Вася', 'Пупкин', '+375 (44) 567-89-01');

INSERT INTO `room`(`id`, `number`, `number_of_seats`, `apartment_type`, `price`)
VALUES (1, 101, 1, 0, 5000),
       (2, 102, 1, 0, 5000),
       (3, 103, 2, 0, 9000),
       (4, 104, 2, 0, 9000),
       (5, 201, 1, 1, 8000),
       (6, 202, 1, 1, 8000),
       (7, 203, 2, 1, 15000),
       (8, 204, 2, 1, 15000);

INSERT INTO `order`(`id`, `creation`, `client_id`, `number_of_seats`, `apartment_type`, `date_arrival`, `date_departure`, `active`)
VALUES (1, '2022-01-15 14:00:00', 2, 2, 0, '2022-02-01', '2022-02-03', true),
       (2, '2022-01-15 14:15:00', 2, 2, 0, '2022-02-01', '2022-02-03', true),
       (3, '2022-01-20 20:00:00', 3, 2, 0, '2022-02-02', '2022-02-06', true),
       (4, '2022-01-20 20:20:00', 3, 2, 0, '2022-02-02', '2022-02-06', true),
       (5, '2022-01-25 09:45:00', 4, 2, 0, '2022-02-03', '2022-02-09', false),
       (6, '2022-01-25 09:50:00', 4, 2, 0, '2022-02-03', '2022-02-09', false),
       (7, '2022-01-25 09:55:00', 4, 2, 0, '2022-02-03', '2022-02-09', false),
       (8, '2022-05-31 12:00:00', 2, 1, 1, '2022-12-24', '2022-12-27', true);

INSERT INTO `reservation`(`id`, `order_id`, `room_id`, `price`)
VALUES (1, 1, 3, 9000),
       (2, 2, 4, 9000),
       (3, 3, 1, 5000),
       (4, 3, 2, 5000),
       (5, 4, 7, 15000);